time,symbol,open,high,low,close,volume,source
2020-01-02 00:00:00+00,HWM,30.515819889507856,31.137786865234375,30.42696746440407,31.137786865234375,3037000,yfinance
2020-01-03 00:00:00+00,HWM,30.70339309496687,31.12790975859476,30.525688269911015,31.08841896057129,1985900,yfinance
2020-01-06 00:00:00+00,HWM,30.95020857156747,31.13778611817791,30.60467158034564,30.811992645263672,2410900,yfinance
2020-01-07 00:00:00+00,HWM,30.88110573776142,31.108172234804982,30.5553141036912,31.00944709777832,1919700,yfinance
2020-01-08 00:00:00+00,HWM,30.871226640568366,30.900842857423402,30.308495924022935,30.32823944091797,2767300,yfinance
2020-01-09 00:00:00+00,HWM,30.12092088141436,30.259134926232854,29.212653123267554,29.390357971191406,4467600,yfinance
2020-01-10 00:00:00+00,HWM,29.35086497924156,29.35086497924156,28.38336297161343,28.482088088989258,3985600,yfinance
2020-01-13 00:00:00+00,HWM,28.64004869075141,29.12379971427983,28.39323682876599,29.074438095092773,3031900,yfinance
2020-01-14 00:00:00+00,HWM,28.965842497508778,29.350868429203764,28.896735472130214,29.202781677246094,3707800,yfinance
2020-01-15 00:00:00+00,HWM,29.025075814424394,29.28176038765502,28.630177195233106,28.8177547454834,2462200,yfinance
2020-01-16 00:00:00+00,HWM,28.580814924047445,29.62729671186389,28.580814924047445,29.61742401123047,4699700,yfinance
2020-01-17 00:00:00+00,HWM,29.72602284972141,29.745766368636993,28.847371293609477,28.946096420288086,4337800,yfinance
2020-01-21 00:00:00+00,HWM,28.699282429224432,29.202778843441973,28.669666211521953,29.025074005126953,8565400,yfinance
2020-01-22 00:00:00+00,HWM,28.008210044437448,28.69928210641428,27.800887107726886,28.47221565246582,7358400,yfinance
2020-01-23 00:00:00+00,HWM,28.353751370023858,29.222530342420722,28.22541000613761,29.153423309326172,3978600,yfinance
2020-01-24 00:00:00+00,HWM,29.311374835792158,29.42984346526673,28.393234483752128,28.738771438598633,5304500,yfinance
2020-01-27 00:00:00+00,HWM,28.20566093456967,30.59479997351567,28.126681209440267,30.278881072998047,10022400,yfinance
2020-01-28 00:00:00+00,HWM,30.634290361423727,31.167403028048543,30.604672258768122,31.06867790222168,5426200,yfinance
2020-01-29 00:00:00+00,HWM,30.979824490172224,31.11804041513593,30.25913429574218,30.752758026123047,3739000,yfinance
2020-01-30 00:00:00+00,HWM,30.42696606361025,30.604670905636667,29.656914258862535,30.06168556213379,5943300,yfinance
2020-01-31 00:00:00+00,HWM,29.913591140170162,30.00244354396079,29.479203702776754,29.568056106567383,2877300,yfinance
2020-02-03 00:00:00+00,HWM,29.755642178056902,29.98271055804615,29.58781001007808,29.67666244506836,2574700,yfinance
2020-02-04 00:00:00+00,HWM,29.99257774666197,30.170282595132782,29.87410910303152,30.0913028717041,2448700,yfinance
2020-02-05 00:00:00+00,HWM,30.288751394912918,30.940334546806607,30.239387893693678,30.86135482788086,2677300,yfinance
2020-02-06 00:00:00+00,HWM,30.935763473558584,31.14318815668429,30.412266760999152,31.014781951904297,2597300,yfinance
2020-02-07 00:00:00+00,HWM,30.965401452607672,30.97527899959893,30.58018465574632,30.916013717651367,1834700,yfinance
2020-02-10 00:00:00+00,HWM,30.916012158537885,31.29135138947939,30.728344427016495,31.26171875,4259600,yfinance
2020-02-11 00:00:00+00,HWM,31.439506693942562,32.200058834631385,31.36048821631454,31.62717628479004,2585100,yfinance
2020-02-12 00:00:00+00,HWM,31.64693564925686,32.55564732273052,31.64693564925686,32.40748977661133,3625600,yfinance
2020-02-13 00:00:00+00,HWM,32.30871519714165,33.039638588892515,32.101292366148414,32.545772552490234,3670900,yfinance
2020-02-14 00:00:00+00,HWM,32.44699537361662,32.9704959067713,32.3482236787037,32.950740814208984,3672200,yfinance
2020-02-18 00:00:00+00,HWM,32.91122343918348,32.91122343918348,32.50625354987381,32.77294158935547,2240800,yfinance
2020-02-19 00:00:00+00,HWM,32.89147307885087,33.84957427309059,32.86184232617075,33.65202713012695,4111600,yfinance
2020-02-20 00:00:00+00,HWM,33.68166206982881,33.68166206982881,32.476631506958206,33.28657150268555,3790600,yfinance
2020-02-21 00:00:00+00,HWM,33.05939865112305,33.23719075238085,32.80258616357315,33.05939865112305,3321600,yfinance
2020-02-24 00:00:00+00,HWM,32.00251660041814,32.82233215738892,31.844479639562426,32.6642951965332,4707500,yfinance
2020-02-25 00:00:00+00,HWM,32.79270237495239,32.89147406544774,30.99502859511882,31.320980072021484,10229900,yfinance
2020-02-26 00:00:00+00,HWM,31.449391022618606,32.20006578002714,31.261721391291715,31.45926856994629,7286400,yfinance
2020-02-27 00:00:00+00,HWM,30.451777672186285,31.004907068087064,29.869015637881272,30.00729751586914,9344100,yfinance
2020-02-28 00:00:00+00,HWM,28.910916435683678,29.404782441552072,28.347909490425597,28.98993492126465,12371100,yfinance
2020-03-02 00:00:00+00,HWM,29.11834146520936,29.582576751708984,28.624475421834916,29.582576751708984,7372000,yfinance
2020-03-03 00:00:00+00,HWM,29.50355425112776,30.313494150773757,28.37753854415357,28.436803817749023,6377100,yfinance
2020-03-04 00:00:00+00,HWM,29.01956553050805,29.108461561834957,28.209625586373377,28.802265167236328,4120400,yfinance
2020-03-05 00:00:00+00,HWM,28.002204737038774,28.02195983071062,26.32305945392027,26.421833038330078,4958300,yfinance
2020-03-06 00:00:00+00,HWM,25.473613925981386,26.293431563225145,24.989623498015522,25.631650924682617,4585800,yfinance
2020-03-09 00:00:00+00,HWM,23.833971299765995,24.021640899151325,22.56967560019963,22.75734519958496,4177400,yfinance
2020-03-10 00:00:00+00,HWM,23.68581055330127,24.209309139483242,22.974644262218384,24.00188446044922,4480700,yfinance
2020-03-11 00:00:00+00,HWM,23.132685038998442,23.29072201869165,21.40415392514828,21.838756561279297,3991000,yfinance
2020-03-12 00:00:00+00,HWM,20.060835345041504,20.801634306361567,19.408932409795785,19.636110305786133,8563000,yfinance
2020-03-13 00:00:00+00,HWM,20.900406861857515,20.930039497091343,19.191631126304348,20.268259048461914,6150900,yfinance
2020-03-16 00:00:00+00,HWM,17.77917300034352,18.944696865131206,16.949478109611572,17.226043701171875,5965700,yfinance
2020-03-17 00:00:00+00,HWM,17.660649616944134,18.203903417629007,16.653164278343112,17.4334716796875,5281500,yfinance
2020-03-18 00:00:00+00,HWM,15.981504486651012,16.139541460139952,13.462787631240705,15.487638473510742,4352100,yfinance
2020-03-19 00:00:00+00,HWM,15.09254497320056,15.941994169677379,13.966531075401582,15.655552864074707,5766500,yfinance
2020-03-20 00:00:00+00,HWM,15.685185504445059,15.803713240713444,12.840517008079674,13.08745002746582,8236700,yfinance
2020-03-23 00:00:00+00,HWM,13.038062759837967,13.067694457331042,11.240390745680177,11.842906951904297,6889900,yfinance
2020-03-24 00:00:00+00,HWM,12.573829943385858,15.141933935917155,12.445425591536607,14.964141845703125,7414000,yfinance
2020-03-25 00:00:00+00,HWM,15.072793025614677,16.67291807383069,14.618436193191995,15.97162914276123,8254900,yfinance
2020-03-26 00:00:00+00,HWM,16.21855672043922,17.61125844972115,15.685181570033919,17.502607345581055,11031900,yfinance
2020-03-27 00:00:00+00,HWM,16.465492860823336,16.988991510028693,15.586411023268298,16.475370407104492,6398000,yfinance
2020-03-30 00:00:00+00,HWM,16.544507545250394,16.593893381358154,15.467879739351025,16.198801040649414,4319600,yfinance
2020-03-31 00:00:00+00,HWM,16.030891560562242,16.317334774388854,15.477762111042976,15.862977027893066,5076200,yfinance
