symbol,first,last,yahoo,tiingo_listing,case,tiingo_ticker
BBBY,2015-01-07,2017-07-25,only_outside_membership,absent,bankruptcy_suffix,BBBYQ
ENDP,2015-01-27,2017-03-01,no_data,absent,bankruptcy_suffix,ENDPQ
SIVB,2018-03-19,2023-01-04,no_data,absent,bankruptcy_suffix,SIVBQ
AAL,2015-03-23,2024-07-08,covers_membership,covers_window,control,AAL
BBT,2015-01-07,2019-12-05,covers_membership,covers_window,control,BBT
COTY,2016-10-03,2020-09-18,covers_membership,covers_window,control,COTY
FLR,2015-01-07,2019-06-01,covers_membership,covers_window,control,FLR
HP,2015-01-07,2020-05-12,covers_membership,covers_window,control,HP
LUMN,2020-09-18,2023-03-15,covers_membership,covers_window,control,LUMN
MUR,2015-01-07,2017-07-25,covers_membership,covers_window,control,MUR
PAYC,2020-01-28,2026-02-09,covers_membership,covers_window,control,PAYC
RIG,2015-01-07,2017-07-25,covers_membership,covers_window,control,RIG
TRIP,2015-01-07,2019-12-10,covers_membership,covers_window,control,TRIP
ADS,2015-01-07,2020-05-22,no_data,absent,no_candidate,
CBS,2015-01-07,2019-11-21,no_data,absent,no_candidate,
CCE,2015-01-07,2016-05-24,no_data,absent,no_candidate,
DTV,2015-01-07,2015-07-23,no_data,only_outside_window,no_candidate,
EQR,2015-01-07,2026-08-05,only_outside_membership,absent,no_candidate,
ESV,2015-01-07,2016-03-29,no_data,absent,no_candidate,
FBHS,2016-06-24,2022-11-08,no_data,absent,no_candidate,
FRC,2019-01-02,2023-03-20,no_data,absent,no_candidate,
GPS,2015-01-07,2022-01-10,no_data,absent,no_candidate,
HFC,2018-06-18,2021-05-14,no_data,absent,no_candidate,
MNK,2015-01-07,2017-07-25,no_data,absent,no_candidate,
NE,2015-01-07,2015-07-15,only_outside_membership,only_outside_window,no_candidate,
TE,2015-01-07,2016-06-27,only_outside_membership,only_outside_window,no_candidate,
WIN,2015-01-07,2015-03-31,no_data,absent,no_candidate,
WYND,2015-01-07,2018-05-24,no_data,absent,no_candidate,
ARNC,2015-01-07,2020-04-03,no_data,partial_overlap,partial_listing,ARNC
BRCM,2015-01-07,2016-01-26,no_data,partial_overlap,partial_listing,BRCM
CVC,2015-01-07,2016-06-20,no_data,partial_overlap,partial_listing,CVC
HAR,2015-01-07,2017-03-10,no_data,partial_overlap,partial_listing,HAR
HOT,2015-01-07,2016-09-16,no_data,partial_overlap,partial_listing,HOT
LLTC,2015-01-07,2017-03-10,no_data,partial_overlap,partial_listing,LLTC
PCP,2015-01-07,2016-01-26,no_data,partial_overlap,partial_listing,PCP
PEAK,2019-11-05,2024-02-01,no_data,partial_overlap,partial_listing,PEAK
AABA,2015-01-07,2017-06-16,no_data,covers_window,plain,AABA
ABMD,2018-05-31,2022-12-19,no_data,covers_window,plain,ABMD
AET,2015-01-07,2018-11-28,no_data,covers_window,plain,AET
AGN,2015-01-07,2020-04-06,no_data,covers_window,plain,AGN
ALXN,2015-01-07,2021-06-04,no_data,covers_window,plain,ALXN
ANDV,2015-01-07,2018-09-24,no_data,covers_window,plain,ANDV
ANSS,2017-06-19,2025-07-09,no_data,covers_window,plain,ANSS
ARG,2015-01-07,2016-05-20,no_data,covers_window,plain,ARG
ATVI,2015-08-31,2023-10-02,no_data,covers_window,plain,ATVI
AVB,2015-01-07,2026-08-05,only_outside_membership,covers_window,plain,AVB
AVP,2015-01-07,2015-03-19,no_data,covers_window,plain,AVP
BCR,2015-01-07,2017-12-27,no_data,covers_window,plain,BCR
BXLT,2015-07-01,2016-06-01,no_data,covers_window,plain,BXLT
CAM,2015-01-07,2016-03-31,only_outside_membership,covers_window,plain,CAM
CELG,2015-01-07,2019-11-05,no_data,covers_window,plain,CELG
CERN,2015-01-07,2022-05-10,no_data,covers_window,plain,CERN
CFN,2015-01-07,2015-03-13,no_data,covers_window,plain,CFN
CHK,2015-01-07,2018-03-16,no_data,covers_window,plain,CHK
CMA,2015-01-07,2024-05-08,no_data,covers_window,plain,CMA
CMCSK,2015-09-21,2015-12-09,no_data,covers_window,plain,CMCSK
COL,2015-01-07,2018-11-15,no_data,covers_window,plain,COL
COV,2015-01-07,2015-01-15,no_data,covers_window,plain,COV
CPGX,2015-07-02,2016-06-27,no_data,covers_window,plain,CPGX
CTLT,2020-09-21,2024-11-26,no_data,covers_window,plain,CTLT
CTXS,2015-01-07,2022-09-19,no_data,covers_window,plain,CTXS
CXO,2016-02-22,2021-01-07,no_data,covers_window,plain,CXO
DAY,2024-02-01,2026-01-14,no_data,covers_window,plain,DAY
DFS,2015-01-07,2025-03-24,no_data,covers_window,plain,DFS
DISCK,2015-01-07,2022-04-04,no_data,covers_window,plain,DISCK
DISH,2017-03-13,2023-06-07,no_data,covers_window,plain,DISH
DNR,2015-01-07,2015-03-19,no_data,covers_window,plain,DNR
DRE,2017-07-26,2022-09-19,no_data,covers_window,plain,DRE
EA,2015-01-07,2026-06-30,only_outside_membership,covers_window,plain,EA
ESRX,2015-01-07,2018-12-19,no_data,covers_window,plain,ESRX
ETFC,2015-01-07,2020-09-21,no_data,covers_window,plain,ETFC
EVHC,2016-12-02,2018-10-10,no_data,covers_window,plain,EVHC
FDO,2015-01-07,2015-07-06,no_data,covers_window,plain,FDO
FL,2016-04-04,2019-08-08,no_data,covers_window,plain,FL
FLIR,2015-01-07,2021-04-20,no_data,covers_window,plain,FLIR
GAS,2015-01-07,2016-06-27,no_data,covers_window,plain,GAS
GGP,2015-01-07,2018-08-20,no_data,covers_window,plain,GGP
GMCR,2015-01-07,2016-02-26,no_data,covers_window,plain,GMCR
HBI,2015-03-23,2021-12-14,no_data,covers_window,plain,HBI
HCBK,2015-01-07,2015-10-28,no_data,covers_window,plain,HCBK
HES,2015-01-07,2025-07-18,no_data,covers_window,plain,HES
HOLX,2016-03-30,2026-03-23,no_data,covers_window,plain,HOLX
HSP,2015-01-07,2015-09-01,no_data,covers_window,plain,HSP
IPG,2015-01-07,2025-11-11,no_data,covers_window,plain,IPG
JNPR,2015-01-07,2025-05-19,no_data,covers_window,plain,JNPR
JOY,2015-01-07,2015-10-05,no_data,covers_window,plain,JOY
JWN,2015-01-07,2020-05-22,no_data,covers_window,plain,JWN
K,2015-01-07,2025-11-28,no_data,covers_window,plain,K
KRFT,2015-01-07,2015-07-02,no_data,covers_window,plain,KRFT
KSU,2015-01-07,2021-10-04,no_data,covers_window,plain,KSU
LEG,2015-01-07,2021-12-14,only_outside_membership,covers_window,plain,LEG
LLL,2015-01-07,2019-06-07,no_data,covers_window,plain,LLL
LM,2015-01-07,2016-11-29,no_data,covers_window,plain,LM
LO,2015-01-07,2015-06-11,no_data,covers_window,plain,LO
LVLT,2015-01-07,2017-10-10,no_data,covers_window,plain,LVLT
MJN,2015-01-07,2017-06-07,no_data,covers_window,plain,MJN
MRO,2015-01-07,2024-10-01,no_data,covers_window,plain,MRO
MWV,2015-01-07,2015-07-01,no_data,covers_window,plain,MWV
MXIM,2018-12-03,2021-08-03,no_data,covers_window,plain,MXIM
MYL,2015-01-07,2020-10-12,no_data,covers_window,plain,MYL
NBL,2015-01-07,2020-10-07,no_data,covers_window,plain,NBL
NLSN,2015-01-07,2022-10-03,no_data,covers_window,plain,NLSN
PBCT,2015-01-07,2022-03-02,no_data,covers_window,plain,PBCT
PCL,2015-01-07,2016-02-16,only_outside_membership,covers_window,plain,PCL
PDCO,2015-01-07,2018-03-16,no_data,covers_window,plain,PDCO
PETM,2015-01-07,2015-03-11,no_data,covers_window,plain,PETM
PX,2015-01-07,2018-10-25,no_data,covers_window,plain,PX
PXD,2015-01-07,2024-04-02,no_data,covers_window,plain,PXD
QEP,2015-01-07,2015-06-30,no_data,covers_window,plain,QEP
RAI,2015-01-07,2017-07-20,no_data,covers_window,plain,RAI
RHT,2015-01-07,2019-07-01,no_data,covers_window,plain,RHT
RTN,2015-01-07,2020-04-03,no_data,covers_window,plain,RTN
SBNY,2021-12-20,2023-01-04,only_outside_membership,covers_window,plain,SBNY
SCG,2015-01-07,2018-12-24,no_data,covers_window,plain,SCG
SEE,2015-01-07,2023-10-18,no_data,covers_window,plain,SEE
SIAL,2015-01-07,2015-11-17,no_data,covers_window,plain,SIAL
SNI,2015-01-07,2018-02-28,no_data,covers_window,plain,SNI
SRCL,2015-01-07,2018-11-29,no_data,covers_window,plain,SRCL
STJ,2015-01-07,2017-01-03,no_data,covers_window,plain,STJ
SWN,2015-01-07,2017-03-30,no_data,covers_window,plain,SWN
SWY,2015-01-07,2015-01-15,no_data,covers_window,plain,SWY
TEG,2015-01-07,2015-06-24,no_data,covers_window,plain,TEG
TGNA,2015-01-07,2017-05-23,no_data,covers_window,plain,TGNA
TIF,2015-01-07,2020-12-21,no_data,covers_window,plain,TIF
TSS,2015-01-07,2019-08-09,no_data,covers_window,plain,TSS
TWC,2015-01-07,2016-05-17,no_data,covers_window,plain,TWC
TWTR,2018-06-07,2022-10-12,no_data,covers_window,plain,TWTR
TWX,2015-01-07,2018-06-14,no_data,covers_window,plain,TWX
VAR,2015-01-07,2021-03-22,no_data,covers_window,plain,VAR
VIAB,2015-01-07,2019-11-21,no_data,covers_window,plain,VIAB
WBA,2015-01-07,2025-08-08,no_data,covers_window,plain,WBA
WCG,2018-09-17,2019-12-23,no_data,covers_window,plain,WCG
WFM,2015-01-07,2017-08-17,no_data,covers_window,plain,WFM
WRK,2015-07-02,2024-06-24,no_data,covers_window,plain,WRK
XEC,2015-01-07,2020-01-28,no_data,covers_window,plain,XEC
XL,2015-01-07,2018-09-11,no_data,covers_window,plain,XL
XLNX,2015-01-07,2022-02-02,no_data,covers_window,plain,XLNX
ABC,2015-01-07,2023-08-25,no_data,absent,renamed,COR
ANTM,2015-01-07,2022-06-21,no_data,absent,renamed,ELV
BHGE,2015-01-07,2019-10-03,no_data,absent,renamed,BKR
BK,2015-01-07,2026-05-07,no_data,absent,renamed,BNY
BLL,2015-01-07,2022-04-11,no_data,absent,renamed,BALL
CDAY,2021-09-20,2023-12-18,no_data,absent,renamed,DAY
COG,2015-01-07,2021-09-20,no_data,absent,renamed,CTRA
CTL,2015-01-07,2020-06-22,no_data,absent,renamed,LUMN
DISCA,2015-01-07,2022-04-04,no_data,only_outside_window,renamed,WBD
DWDP,2017-09-01,2019-06-01,no_data,absent,renamed,DD
FB,2015-01-07,2022-06-08,only_outside_membership,only_outside_window,renamed,META
FI,2023-06-07,2025-11-04,no_data,absent,renamed,FISV
FLT,2018-06-20,2024-03-18,no_data,absent,renamed,CPAY
HCP,2015-01-07,2019-10-18,no_data,only_outside_window,renamed,DOC
HRS,2015-01-07,2019-04-02,no_data,absent,renamed,LHX
JEC,2015-01-07,2019-12-09,no_data,absent,renamed,J
KORS,2015-01-07,2018-09-18,no_data,absent,renamed,CPRI
LB,2015-01-07,2021-07-21,only_outside_membership,only_outside_window,renamed,BBWI
MMC,2015-01-07,2025-12-22,no_data,absent,renamed,MRSH
NLOK,2019-11-05,2022-11-01,no_data,absent,renamed,GEN
PKI,2015-01-07,2023-05-04,no_data,absent,renamed,RVTY
RE,2017-06-19,2023-06-20,no_data,absent,renamed,EG
SATS,2026-03-23,2026-06-22,no_data,absent,renamed,ECHO
SYMC,2015-01-07,2019-10-18,no_data,absent,renamed,GEN
TMK,2015-01-07,2019-07-15,no_data,absent,renamed,GL
UTX,2015-01-07,2020-03-03,no_data,absent,renamed,RTX
VIAC,2019-12-05,2022-02-15,no_data,only_outside_window,renamed,PARA
WLTW,2016-01-05,2021-12-20,no_data,absent,renamed,WTW
ADT,2015-01-07,2016-04-28,only_outside_membership,covers_window,reused,ADT
ALTR,2015-01-07,2015-12-21,no_data,covers_window,reused,ALTR
APC,2015-01-07,2019-08-08,only_outside_membership,covers_window,reused,APC
CA,2015-01-07,2018-10-31,no_data,covers_window,reused,CA
CSRA,2015-11-30,2018-04-02,only_outside_membership,covers_window,reused,CSRA
CTRA,2021-10-04,2026-04-09,no_data,covers_window,reused,CTRA
DNB,2015-01-07,2017-04-04,no_data,covers_window,reused,DNB
DO,2015-01-07,2016-09-28,no_data,covers_window,reused,DO
EMC,2015-01-07,2016-09-06,only_outside_membership,covers_window,reused,EMC
FTR,2015-01-07,2017-03-17,no_data,covers_window,reused,FTR
INFO,2017-06-02,2022-02-17,only_outside_membership,covers_window,reused,INFO
MON,2015-01-07,2018-06-06,no_data,covers_window,reused,MON
NFX,2015-01-07,2019-01-18,only_outside_membership,covers_window,reused,NFX
PLL,2015-01-07,2015-08-25,no_data,covers_window,reused,PLL
POM,2015-01-07,2016-03-18,only_outside_membership,covers_window,reused,POM
SE,2015-01-07,2017-02-24,only_outside_membership,covers_window,reused,SE
SPLS,2015-01-07,2017-09-12,only_outside_membership,covers_window,reused,SPLS
STI,2015-01-07,2019-12-05,only_outside_membership,covers_window,reused,STI
